{
  "catalyst": 1.0399999998509886,
  "cvd_confirmation": 1.0,
  "direction": 1.025,
  "exit": 1.0099999994039535,
  "magnitude": 1.0499999999999998,
  "theta_risk": 1.0899999976158141,
  "timing": 1.0750000000000002,
  "volatility": 1.0499999999999998
}