{
  "catalyst": 1.1,
  "cvd_confirmation": 1.1,
  "direction": 1.1,
  "exit": 1.0499999999999998,
  "magnitude": 1.1,
  "theta_risk": 1.0400000005960464,
  "timing": 1.0900000005960466,
  "volatility": 1.094999998807907
}