{
  "ticker": "SPY",
  "timestamp": "2026-06-16T00:00:00Z",
  "close": 750.33,
  "macd_regime": "DECEL_DOWN",
  "rsi_regime": "NEUTRAL_BAND",
  "cvd_regime": "IMBALANCE_BUILDING",
  "volume_ratio": 1.2159601133002855,
  "vwap_distance_pct": 0.7035637582311632,
  "gamma_flip": 740.0,
  "gamma_flip_distance_pct": 1.3767275732011304,
  "canopy_regime": "CONTAINMENT_STRESS",
  "T_a": 0.014592884596413613,
  "T_a_norm": 0.03969644257680697,
  "T_a_regime": "CRUISE",
  "R_o": 0.5072669146482472,
  "T_v": 3.7,
  "observer_profile": "pilot",
  "LRP": 0.30504732283547037,
  "LRP_regime": "PRESSURE_BUILDING",
  "d_canopy_pressure": 0.03179802129498743,
  "dd_canopy_pressure": 0.014592884596413613,
  "d_R_o": -0.07182147572988551,
  "d_T_v": 0.7000000000000002,
  "d_gamma_flip_distance": -0.5879532158507146,
  "d_vwap_distance": -0.704841788973187,
  "LRP_adjusted": 0.24412744018710314,
  "LRP_adjusted_regime": "STABLE",
  "F_r": 0.7315291816540375,
  "D_c": 0.4303185744815678,
  "restoration_ratio": 2.3980842541227396,
  "dissipation_score": 0.4303185744815678,
  "A_micro": 0.7269168820085588,
  "C_w": 0.4198070647275617,
  "capillary_wave_score": 0.4198070647275617,
  "field_regime": "",
  "entropy_score": 0.6258354298665986,
  "elastic_strain_score": 0.03255885417123348,
  "gamma_rebound_regime": "LOCKED_FAULT",
  "hidden_reservoir_pressure": 1.0,
  "pressure_relocation_ratio": 0.14133939919026342,
  "false_stability_flag": 1,
  "observability_gap_score": 0.48974157206684293,
  "chain_date": "06_15_2026",
  "cvd_note": "Signed-volume proxy (close direction x volume), not tick-true CVD.",
  "rate_of_change_alerts": [
    "OBSERVABILITY_DECAY_ACCELERATING",
    "COHERENCE_LOSS_ACCELERATING",
    "GAMMA_BOUNDARY_APPROACHING",
    "PRESSURE_ACCELERATION_POSITIVE"
  ],
  "LRP_confidence": "HIGH_CONFIDENCE",
  "LRP_raw": 0.294155792143414,
  "LRP_adjusted_experimental": true,
  "lrp_doctrine": "Baseline LRP = pressure signal; LRP_adjusted (experimental) = pressure after restoration/capillary/hysteresis/observer modifiers.",
  "loop_closure": {
    "restoration_damper": 0.55,
    "capillary_boost": 1.1049517661818904,
    "hysteresis_boost": 1.1857498910157356,
    "observer_boost": 1.025868486980967,
    "LRP_adjusted_raw": 0.2174543986248285,
    "delta_vs_baseline_LRP": -0.06091988264836723
  },
  "lrp_contributions": {
    "T_a contribution": 0.006351430812289115,
    "Observer decay": 0.09854661707035056,
    "Gamma boundary pressure": 0.1082181617865913,
    "VWAP dislocation": 0.03517818791155816,
    "CVD imbalance": 0.03680367615862256,
    "MACD acceleration": 0.031227315761311752
  },
  "derivatives": {
    "d_macd_pressure": 0.6003851474235598,
    "d_rsi_energy": -0.06692835196339247,
    "d_cvd_force": 0.0710584914435505,
    "d_volume_energy": 0.10599340431662485,
    "d_vwap_attractor_distance": -0.704841788973187,
    "d_gamma_flip_distance": -0.5879532158507146,
    "d_canopy_pressure": 0.03179802129498743,
    "d_observability_R_o": -0.07182147572988551,
    "d_visibility_horizon_T_v": 0.7000000000000002,
    "dd_canopy_pressure": 0.014592884596413613,
    "dd_observability_R_o": -0.0475745034956182,
    "dd_coherence_proxy": -0.21808105164903524,
    "d_R_o": -0.07182147572988551,
    "d_T_v": 0.7000000000000002,
    "d_vwap_distance": -0.704841788973187
  },
  "pressure_sensors": {
    "macd_histogram": -1.6956777467833941,
    "rsi": 57.04373589207708,
    "volume_regime": "ELEVATED_FLOW",
    "vwap_regime": "MEAN_REVERT_PULL",
    "gamma_regime": "ABOVE_FLIP_POSITIVE_GAMMA"
  },
  "canopyento": {
    "B_s": 0.3,
    "E_i": 1.2159601133002855,
    "rupture_pressure_score": 0.36478803399008564
  },
  "physics": {
    "F_r": 0.7315291816540375,
    "D_c": 0.4303185744815678,
    "restoration_ratio": 2.3980842541227396,
    "dissipation_score": 0.4303185744815678,
    "A_micro": 0.7269168820085588,
    "C_w": 0.4198070647275617,
    "capillary_wave_score": 0.4198070647275617,
    "field_regime": "",
    "entropy_score": 0.6258354298665986,
    "equilibrium_field_strength": 0.7436511607618896,
    "deviation_from_equilibrium": 0.338808835684719,
    "historical_stress_memory": 0.4246011737363523,
    "recursive_pressure_carryover": 0.8250176330835095,
    "observer_feedback_score": 0.17245657987311344,
    "effective_pressure": 0.3576547408311251
  },
  "elastic_rebound": {
    "elastic_strain_score": 0.03255885417123348,
    "gamma_rebound_regime": "LOCKED_FAULT",
    "hidden_reservoir_pressure": 1.0,
    "pressure_relocation_ratio": 0.14133939919026342,
    "false_dissipation_risk": 0.029456340056660115,
    "false_stability_flag": 1,
    "observability_gap_score": 0.48974157206684293,
    "notes": [
      "Positive gamma may behave like a locked fault: surface volatility compresses while hidden positioning strain accumulates.",
      "Reduced visible pressure is not always true dissipation; some pressure may be relocating into a hidden reservoir.",
      "False stability is flagged when observable pressure falls while hidden strain or reservoir pressure rises."
    ]
  },
  "weekly_stance": {
    "stance_quadrant": "bullish / actionable",
    "gate_stance": "ACTIONABLE DIRECTIONAL STANCE",
    "stance_confidence": 0.3231090062719817,
    "recommended_action": "Actionable bullish stance. Packet completion and continuation probability support a directional position with normal sizing."
  }
}