{
  "ticker": "SPY",
  "timestamp": "2026-06-15T00:00:00Z",
  "close": 754.83,
  "macd_regime": "DECEL_DOWN",
  "rsi_regime": "ENERGY_ACCUMULATING",
  "cvd_regime": "IMBALANCE_BUILDING",
  "volume_ratio": 1.1099667089836607,
  "vwap_distance_pct": 1.4084055472043502,
  "gamma_flip": 740.0,
  "gamma_flip_distance_pct": 1.964680789051845,
  "canopy_regime": "PRESSURE_BUILDING",
  "T_a": 0.2647489605757475,
  "T_a_norm": 0.6999366219873949,
  "T_a_regime": "ACCELERATION_POSITIVE",
  "R_o": 0.5790883903781328,
  "T_v": 3.0,
  "observer_profile": "pilot",
  "LRP": 0.39581153992167084,
  "LRP_regime": "PRESSURE_BUILDING",
  "d_canopy_pressure": 0.01720513669857382,
  "dd_canopy_pressure": 0.2647489605757475,
  "d_R_o": -0.024246972234267306,
  "d_T_v": 0.2999999999999998,
  "d_gamma_flip_distance": 1.728752241697615,
  "d_vwap_distance": 1.6513325518648794,
  "chain_date": "06_15_2026",
  "cvd_note": "Signed-volume proxy (close direction x volume), not tick-true CVD.",
  "rate_of_change_alerts": [
    "OBSERVABILITY_DECAY_ACCELERATING",
    "GAMMA_BOUNDARY_APPROACHING",
    "VWAP_DISLOCATION_EXPANDING",
    "PRESSURE_ACCELERATION_POSITIVE"
  ],
  "LRP_confidence": "HIGH_CONFIDENCE",
  "LRP_raw": 0.3942630048552675,
  "lrp_contributions": {
    "T_a contribution": 0.1119898595179832,
    "Observer decay": 0.08418232192437346,
    "Gamma boundary pressure": 0.06902128072987701,
    "VWAP dislocation": 0.0704202773602175,
    "CVD imbalance": 0.027329210632815827,
    "MACD acceleration": 0.06691392085514458
  },
  "derivatives": {
    "d_macd_pressure": 1.32312032318488,
    "d_rsi_energy": 0.14903137194955135,
    "d_cvd_force": 0.04008862671612182,
    "d_volume_energy": 0.05735045566191266,
    "d_vwap_attractor_distance": 1.6513325518648794,
    "d_gamma_flip_distance": 1.728752241697615,
    "d_canopy_pressure": 0.01720513669857382,
    "d_observability_R_o": -0.024246972234267306,
    "d_visibility_horizon_T_v": 0.2999999999999998,
    "dd_canopy_pressure": 0.2647489605757475,
    "dd_observability_R_o": -0.16363931004564553,
    "dd_coherence_proxy": 0.2445475517422443,
    "d_R_o": -0.024246972234267306,
    "d_T_v": 0.2999999999999998,
    "d_vwap_distance": 1.6513325518648794
  },
  "pressure_sensors": {
    "macd_histogram": -2.296062894206954,
    "rsi": 60.3901534902467,
    "volume_regime": "ELEVATED_FLOW",
    "vwap_regime": "ABOVE_ATTRACTOR",
    "gamma_regime": "ABOVE_FLIP_POSITIVE_GAMMA"
  },
  "canopyento": {
    "B_s": 0.3,
    "E_i": 1.1099667089836607,
    "rupture_pressure_score": 0.3329900126950982
  },
  "weekly_stance": {
    "stance_quadrant": "bullish / actionable",
    "gate_stance": "ACTIONABLE DIRECTIONAL STANCE",
    "stance_confidence": 0.27937870906011686,
    "recommended_action": "Actionable bullish stance. Packet completion and continuation probability support a directional position with normal sizing."
  }
}