{
  "catalyst": 1.1007380798459057,
  "cvd_confirmation": 1.0,
  "direction": 1.1305274695158007,
  "exit": 1.0697000011801716,
  "magnitude": 1.2532065812498325,
  "theta_risk": 1.2680087447166442,
  "timing": 1.3361040003597742,
  "volatility": 1.2626004390418522
}