{
  "catalyst": 1.4500000000000004,
  "cvd_confirmation": 1.4500000000000004,
  "direction": 1.4500000000000004,
  "exit": 1.2249999999999992,
  "magnitude": 1.4500000000000004,
  "theta_risk": 1.1800000026822086,
  "timing": 1.4050000026822098,
  "volatility": 1.427499994635582
}